Type,ProjNum
Advising,399
Advising,405
Advising,406
Advising,412
Advising,416
Advising,425
Advising,426
Advising,428
Advising,431
Advising,438
Advising,441
Advising,444
Advising,453
Advising,456
Advising,463
Advising,465
Advising,469
Advising,473
Advising,474
Advising,483
Advising,485
Advising,491
Advising,494
Advising,495
Advising,497
Advising,500
Advising,502
Advising,503
Advising,506
Advising,507
Advising,508
Advising,510
Advising,513
Advising,514
Data Analysis,401
Data Analysis,402
Data Analysis,407
Data Analysis,408
Data Analysis,409
Data Analysis,410
Data Analysis,411
Data Analysis,419
Data Analysis,421
Data Analysis,422
Data Analysis,427
Data Analysis,436
Data Analysis,437
Data Analysis,440
Data Analysis,443
Data Analysis,446
Data Analysis,447
Data Analysis,448
Data Analysis,451
Data Analysis,461
Data Analysis,466
Data Analysis,467
Data Analysis,472
Data Analysis,475
Data Analysis,476
Data Analysis,478
Data Analysis,479
Data Analysis,480
Data Analysis,482
Data Analysis,484
Data Analysis,486
Data Analysis,487
Data Analysis,493
IT/Web Development,400
IT/Web Development,404
IT/Web Development,414
IT/Web Development,417
IT/Web Development,418
IT/Web Development,420
IT/Web Development,424
IT/Web Development,432
IT/Web Development,433
IT/Web Development,435
IT/Web Development,445
IT/Web Development,450
IT/Web Development,459
IT/Web Development,460
IT/Web Development,468
IT/Web Development,471
IT/Web Development,481
IT/Web Development,489
IT/Web Development,490
IT/Web Development,496
IT/Web Development,499
IT/Web Development,504
IT/Web Development,505
IT/Web Development,509
IT/Web Development,511
IT/Web Development,512
Study Coordination,403
Study Coordination,413
Study Coordination,415
Study Coordination,423
Study Coordination,430
Study Coordination,434
Study Coordination,439
Study Coordination,442
Study Coordination,452
Study Coordination,454
Study Coordination,455
Study Coordination,457
Study Coordination,458
Study Coordination,464
Study Coordination,470
Study Coordination,488
Study Coordination,498
Study Coordination,501
